-- Insertar roles
INSERT INTO ROL (ID_ROL, DESCRIPCION) VALUES (1, 'Miembro');
INSERT INTO ROL (ID_ROL, DESCRIPCION) VALUES (2, 'Monitor');
INSERT INTO ROL (ID_ROL, DESCRIPCION) VALUES (3, 'Admin');

-- Insertar usuarios
INSERT INTO USUARIO (ID_USUARIO, NOMBRE, APELLIDOS, DNI, EMAIL, PASSWD, ID_ROL) VALUES ('juan01', 'Juan', 'García', '12345678A', 'juan@example.com', '123', 1);
INSERT INTO USUARIO (ID_USUARIO, NOMBRE, APELLIDOS, DNI, EMAIL, PASSWD, ID_ROL) VALUES ('maria02', 'Maria', 'López', '87654321B', 'maria@example.com', 'asdf', 1);
INSERT INTO USUARIO (ID_USUARIO, NOMBRE, APELLIDOS, DNI, EMAIL, PASSWD, ID_ROL) VALUES ('pedro03', 'Pedro', 'Martínez', '56781234C', 'pedro@example.com', 'asdf123', 2);
INSERT INTO USUARIO (ID_USUARIO, NOMBRE, APELLIDOS, DNI, EMAIL, PASSWD, ID_ROL) VALUES ('ana04', 'Ana', 'Sánchez', '43215678D', 'ana@example.com', '123asdf', 2);
INSERT INTO USUARIO (ID_USUARIO, NOMBRE, APELLIDOS, DNI, EMAIL, PASSWD, ID_ROL) VALUES ('admin05', 'Admin', 'Admin', '00000000X', 'admin@example.com', 'admin', 3);

-- Insertar monitores
INSERT INTO MONITOR (ID_MONITOR, ID_USUARIO) VALUES (1, 'pedro03');
INSERT INTO MONITOR (ID_MONITOR, ID_USUARIO) VALUES (2, 'ana04');

-- Insertar miembros
INSERT INTO MIEMBRO (ID_MIEMBRO, ID_USUARIO) VALUES (1, 'juan01');
INSERT INTO MIEMBRO (ID_MIEMBRO, ID_USUARIO) VALUES (2, 'maria02');

-- Insertar clases
INSERT INTO CLASE (ID_CLASE, ID_MONITOR, NOMBRE, DESCRIPCION, SALA, DIA, HORA, DURACION, LIMITE_MIEMBROS) VALUES (1, 1, 'Kickboxing', 'Clase de Kickboxing', 'Sala 1', 'Lunes', TO_DATE('09:00', 'HH24:MI'), 60, 12);
INSERT INTO CLASE (ID_CLASE, ID_MONITOR, NOMBRE, DESCRIPCION, SALA, DIA, HORA, DURACION, LIMITE_MIEMBROS) VALUES (2, 1, 'Boxeo', 'Entrenamiento de Boxeo profesional', 'Sala 3', 'Lunes', TO_DATE('11:00', 'HH24:MI'), 60, 12);
INSERT INTO CLASE (ID_CLASE, ID_MONITOR, NOMBRE, DESCRIPCION, SALA, DIA, HORA, DURACION, LIMITE_MIEMBROS) VALUES (3, 2, 'Defensa Personal', 'Aprende técnicas de autodefensa', 'Sala 4', 'Lunes', TO_DATE('17:00', 'HH24:MI'), 90, 18);
INSERT INTO CLASE (ID_CLASE, ID_MONITOR, NOMBRE, DESCRIPCION, SALA, DIA, HORA, DURACION, LIMITE_MIEMBROS) VALUES (4, 2, 'Zumba', 'Diviértete bailando con Zumba', 'Sala 2', 'Lunes', TO_DATE('20:00', 'HH24:MI'), 45, 15);
INSERT INTO CLASE (ID_CLASE, ID_MONITOR, NOMBRE, DESCRIPCION, SALA, DIA, HORA, DURACION, LIMITE_MIEMBROS) VALUES (5, 1, 'Spinning', 'Entrenamiento de alta intensidad en bicicleta', 'Sala 5', 'Martes', TO_DATE('09:00', 'HH24:MI'), 45, 18);
INSERT INTO CLASE (ID_CLASE, ID_MONITOR, NOMBRE, DESCRIPCION, SALA, DIA, HORA, DURACION, LIMITE_MIEMBROS) VALUES (6, 1, 'BodyJump', 'Salto en trampolín para quemar calorías', 'Sala 6', 'Martes', TO_DATE('11:00', 'HH24:MI'), 60, 15);
INSERT INTO CLASE (ID_CLASE, ID_MONITOR, NOMBRE, DESCRIPCION, SALA, DIA, HORA, DURACION, LIMITE_MIEMBROS) VALUES (7, 2, 'Kickboxing', 'Clase de Kickboxing', 'Sala 1', 'Martes', TO_DATE('17:00', 'HH24:MI'), 60, 12);
INSERT INTO CLASE (ID_CLASE, ID_MONITOR, NOMBRE, DESCRIPCION, SALA, DIA, HORA, DURACION, LIMITE_MIEMBROS) VALUES (8, 2, 'Core', 'Fortalecimiento del centro del cuerpo', 'Sala 7', 'Martes', TO_DATE('20:00', 'HH24:MI'), 45, 24);
INSERT INTO CLASE (ID_CLASE, ID_MONITOR, NOMBRE, DESCRIPCION, SALA, DIA, HORA, DURACION, LIMITE_MIEMBROS) VALUES (9, 2, 'Defensa Personal', 'Aprende técnicas de autodefensa', 'Sala 4', 'Miércoles', TO_DATE('09:00', 'HH24:MI'), 90, 18);
INSERT INTO CLASE (ID_CLASE, ID_MONITOR, NOMBRE, DESCRIPCION, SALA, DIA, HORA, DURACION, LIMITE_MIEMBROS) VALUES (10, 2, 'Zumba', 'Diviértete bailando con Zumba', 'Sala 2', 'Miércoles', TO_DATE('11:00', 'HH24:MI'), 45, 15);
INSERT INTO CLASE (ID_CLASE, ID_MONITOR, NOMBRE, DESCRIPCION, SALA, DIA, HORA, DURACION, LIMITE_MIEMBROS) VALUES (11, 1, 'Spinning', 'Entrenamiento de alta intensidad en bicicleta', 'Sala 5', 'Miércoles', TO_DATE('17:00', 'HH24:MI'), 45, 18);
INSERT INTO CLASE (ID_CLASE, ID_MONITOR, NOMBRE, DESCRIPCION, SALA, DIA, HORA, DURACION, LIMITE_MIEMBROS) VALUES (12, 1, 'Boxeo', 'Entrenamiento de Boxeo profesional', 'Sala 3', 'Miércoles', TO_DATE('20:00', 'HH24:MI'), 60, 12);
INSERT INTO CLASE (ID_CLASE, ID_MONITOR, NOMBRE, DESCRIPCION, SALA, DIA, HORA, DURACION, LIMITE_MIEMBROS) VALUES (13, 2, 'BodyJump', 'Salto en trampolín para quemar calorías', 'Sala 6', 'Jueves', TO_DATE('09:00', 'HH24:MI'), 60, 15);
INSERT INTO CLASE (ID_CLASE, ID_MONITOR, NOMBRE, DESCRIPCION, SALA, DIA, HORA, DURACION, LIMITE_MIEMBROS) VALUES (14, 2, 'Core', 'Fortalecimiento del centro del cuerpo', 'Sala 7', 'Jueves', TO_DATE('11:00', 'HH24:MI'), 45, 24);
INSERT INTO CLASE (ID_CLASE, ID_MONITOR, NOMBRE, DESCRIPCION, SALA, DIA, HORA, DURACION, LIMITE_MIEMBROS) VALUES (15, 1, 'Kickboxing', 'Clase de Kickboxing', 'Sala 1', 'Jueves', TO_DATE('17:00', 'HH24:MI'), 60, 12);
INSERT INTO CLASE (ID_CLASE, ID_MONITOR, NOMBRE, DESCRIPCION, SALA, DIA, HORA, DURACION, LIMITE_MIEMBROS) VALUES (16, 1, 'Defensa Personal', 'Aprende técnicas de autodefensa', 'Sala 4', 'Jueves', TO_DATE('20:00', 'HH24:MI'), 90, 18);
INSERT INTO CLASE (ID_CLASE, ID_MONITOR, NOMBRE, DESCRIPCION, SALA, DIA, HORA, DURACION, LIMITE_MIEMBROS) VALUES (17, 1, 'Zumba', 'Diviértete bailando con Zumba', 'Sala 2', 'Viernes', TO_DATE('09:00', 'HH24:MI'), 45, 15);
INSERT INTO CLASE (ID_CLASE, ID_MONITOR, NOMBRE, DESCRIPCION, SALA, DIA, HORA, DURACION, LIMITE_MIEMBROS) VALUES (18, 1, 'Spinning', 'Entrenamiento de alta intensidad en bicicleta', 'Sala 5', 'Viernes', TO_DATE('11:00', 'HH24:MI'), 45, 18);
INSERT INTO CLASE (ID_CLASE, ID_MONITOR, NOMBRE, DESCRIPCION, SALA, DIA, HORA, DURACION, LIMITE_MIEMBROS) VALUES (19, 2, 'BodyJump', 'Salto en trampolín para quemar calorías', 'Sala 6', 'Viernes', TO_DATE('17:00', 'HH24:MI'), 60, 15);
INSERT INTO CLASE (ID_CLASE, ID_MONITOR, NOMBRE, DESCRIPCION, SALA, DIA, HORA, DURACION, LIMITE_MIEMBROS) VALUES (20, 2, 'Kickboxing', 'Clase de Kickboxing', 'Sala 1', 'Viernes', TO_DATE('20:00', 'HH24:MI'), 60, 12);
INSERT INTO CLASE (ID_CLASE, ID_MONITOR, NOMBRE, DESCRIPCION, SALA, DIA, HORA, DURACION, LIMITE_MIEMBROS) VALUES (21, 1, 'Defensa Personal', 'Aprende técnicas de autodefensa', 'Sala 4', 'Sábado', TO_DATE('09:00', 'HH24:MI'), 90, 18);
INSERT INTO CLASE (ID_CLASE, ID_MONITOR, NOMBRE, DESCRIPCION, SALA, DIA, HORA, DURACION, LIMITE_MIEMBROS) VALUES (22, 2, 'Boxeo', 'Entrenamiento de Boxeo profesional', 'Sala 3', 'Sábado', TO_DATE('11:00', 'HH24:MI'), 60, 12);

-- Insertar clases_miembros (asignar miembros a clases)
INSERT INTO CLASE_MIEMBRO (ID_CLASE, ID_MIEMBRO) VALUES (1, 1);
INSERT INTO CLASE_MIEMBRO (ID_CLASE, ID_MIEMBRO) VALUES (2, 2);
INSERT INTO CLASE_MIEMBRO (ID_CLASE, ID_MIEMBRO) VALUES (3, 2);
INSERT INTO CLASE_MIEMBRO (ID_CLASE, ID_MIEMBRO) VALUES (4, 1);
INSERT INTO CLASE_MIEMBRO (ID_CLASE, ID_MIEMBRO) VALUES (5, 1);
INSERT INTO CLASE_MIEMBRO (ID_CLASE, ID_MIEMBRO) VALUES (5, 2);
INSERT INTO CLASE_MIEMBRO (ID_CLASE, ID_MIEMBRO) VALUES (6, 1);
INSERT INTO CLASE_MIEMBRO (ID_CLASE, ID_MIEMBRO) VALUES (6, 2);
INSERT INTO CLASE_MIEMBRO (ID_CLASE, ID_MIEMBRO) VALUES (7, 1);
INSERT INTO CLASE_MIEMBRO (ID_CLASE, ID_MIEMBRO) VALUES (7, 2);

COMMIT;
